epoch,time,train/box_loss,train/cls_loss,train/dfl_loss,metrics/precision(B),metrics/recall(B),metrics/mAP50(B),metrics/mAP50-95(B),val/box_loss,val/cls_loss,val/dfl_loss,lr/pg0,lr/pg1,lr/pg2
1,5.91955,0,44.8704,0,0,0,0,0,0,40.1973,0,3.334e-05,3.334e-05,3.334e-05
2,11.1475,0,44.5339,0,0,0,0,0,0,40.2855,0,8.25248e-05,8.25248e-05,8.25248e-05
3,16.3112,0,43.9053,0,0,0,0,0,0,40.3137,0,0.000130719,0.000130719,0.000130719
4,21.3924,0,43.419,0,0,0,0,0,0,40.3441,0,0.000177924,0.000177924,0.000177924
5,26.5282,0,42.9497,0,0,0,0,0,0,40.3375,0,0.000224138,0.000224138,0.000224138
6,31.5817,0,42.4573,0,0,0,0,0,0,40.2959,0,0.000269362,0.000269362,0.000269362
7,36.4522,0,41.7129,0,0,0,0,0,0,40.2835,0,0.000313596,0.000313596,0.000313596
8,41.4259,0,40.5739,0,0,0,0,0,0,40.2859,0,0.00035684,0.00035684,0.00035684
9,46.3697,0,39.7443,0,0,0,0,0,0,40.3241,0,0.000399093,0.000399093,0.000399093
10,51.3652,0,38.9477,0,0,0,0,0,0,40.3541,0,0.000440356,0.000440356,0.000440356
11,56.3709,0,37.9829,0,0,0,0,0,0,40.4898,0,0.000480629,0.000480629,0.000480629
12,61.2615,0,36.9541,0,0,0,0,0,0,42.4107,0,0.000519912,0.000519912,0.000519912
13,66.1436,0,36.5499,0,0,0,0,0,0,47.0017,0,0.000558205,0.000558205,0.000558205
14,71.0434,0,35.5974,0,0,0,0,0,0,51.2652,0,0.000595507,0.000595507,0.000595507
15,75.9605,0,34.7927,0,0,0,0,0,0,51.2652,0,0.00063182,0.00063182,0.00063182
16,80.8833,0,34.2248,0,0,0,0,0,0,67.6672,0,0.000667142,0.000667142,0.000667142
17,85.8015,0,33.8682,0,0,0,0,0,0,205.25,0,0.000701474,0.000701474,0.000701474
18,90.9394,0,33.2906,0,0,0,0,0,0,205.25,0,0.000734815,0.000734815,0.000734815
19,95.8937,0,32.7579,0,0,0,0,0,0,253.162,0,0.000767167,0.000767167,0.000767167
20,100.956,0,32.7183,0,0,0,0,0,0,147.843,0,0.000798528,0.000798528,0.000798528
21,105.737,0,31.6864,0,0,0,0,0,0,147.843,0,0.000828899,0.000828899,0.000828899
22,110.534,0,31.8679,0,0,0,0,0,0,76.6373,0,0.00085828,0.00085828,0.00085828
23,115.373,0,31.3969,0,0,0,0,0,0,76.6373,0,0.000886671,0.000886671,0.000886671
24,120.365,0,31.615,0,0,0,0,0,0,31.2277,0,0.000914071,0.000914071,0.000914071
25,125.184,0,30.9462,0,0,0,0,0,0,31.2277,0,0.000940481,0.000940481,0.000940481
26,130.088,0,30.8908,0,0,0,0,0,0,528.614,0,0.000965901,0.000965901,0.000965901
27,135.02,0,30.2771,0,0,0,0,0,0,528.614,0,0.000990331,0.000990331,0.000990331
28,139.928,0,30.2468,0,0,0,0,0,0,251.518,0,0.00101377,0.00101377,0.00101377
29,144.859,0,29.7668,0,0,0,0,0,0,251.518,0,0.00103622,0.00103622,0.00103622
30,150.121,0,29.6866,0,0,0,0,0,0,251.518,0,0.00105768,0.00105768,0.00105768
31,155.044,0,29.4534,0,0,0,0,0,0,974.78,0,0.00107815,0.00107815,0.00107815
32,160.001,0,29.2203,0,0,0,0,0,0,974.78,0,0.00109763,0.00109763,0.00109763
33,164.873,0,29.1229,0,0,0,0,0,0,206.663,0,0.00111612,0.00111612,0.00111612
34,169.617,0,28.6845,0,0,0,0,0,0,206.663,0,0.00112239,0.00112239,0.00112239
35,174.521,0,28.6614,0,0,0,0,0,0,206.663,0,0.00110589,0.00110589,0.00110589
36,179.7,0,28.6264,0,0,0,0,0,0,285.898,0,0.00108938,0.00108938,0.00108938
37,184.476,0,28.2375,0,0,0,0,0,0,285.898,0,0.00107288,0.00107288,0.00107288
38,189.138,0,28.1039,0,0,0,0,0,0,285.898,0,0.00105638,0.00105638,0.00105638
39,193.775,0,27.9019,0,0,0,0,0,0,21.305,0,0.00103987,0.00103987,0.00103987
40,198.654,0,27.7672,0,0,0,0,0,0,21.305,0,0.00102337,0.00102337,0.00102337
41,203.647,0,27.8399,0,0,0,0,0,0,21.5739,0,0.00100687,0.00100687,0.00100687
42,208.719,0,27.3666,0,0,0,0,0,0,21.5739,0,0.000990365,0.000990365,0.000990365
43,213.756,0,27.6338,0,0,0,0,0,0,21.5739,0,0.000973861,0.000973861,0.000973861
44,218.662,0,27.2524,0,0,0,0,0,0,27.9212,0,0.000957358,0.000957358,0.000957358
45,223.847,0,26.8507,0,0,0,0,0,0,27.9212,0,0.000940855,0.000940855,0.000940855
46,228.933,0,27.0351,0,0,0,0,0,0,27.9212,0,0.000924352,0.000924352,0.000924352
47,233.897,0,26.7962,0,0,0,0,0,0,106.003,0,0.000907848,0.000907848,0.000907848
48,238.92,0,26.4684,0,0,0,0,0,0,106.003,0,0.000891345,0.000891345,0.000891345
49,243.837,0,26.4547,0,0,0,0,0,0,28.3594,0,0.000874842,0.000874842,0.000874842
50,248.744,0,26.2194,0,0,0,0,0,0,28.3594,0,0.000858338,0.000858338,0.000858338
51,253.708,0,26.1755,0,0,0,0,0,0,28.3594,0,0.000841835,0.000841835,0.000841835
52,259.254,0,26.2509,0,0,0,0,0,0,72.8867,0,0.000825332,0.000825332,0.000825332
53,264.406,0,25.8094,0,0,0,0,0,0,72.8867,0,0.000808828,0.000808828,0.000808828
54,269.595,0,25.8081,0,0,0,0,0,0,72.8867,0,0.000792325,0.000792325,0.000792325
55,274.713,0,25.6465,0,0,0,0,0,0,51.7346,0,0.000775822,0.000775822,0.000775822
56,279.848,0,25.483,0,0,0,0,0,0,51.7346,0,0.000759318,0.000759318,0.000759318
57,284.784,0,25.4908,0,0,0,0,0,0,34.8387,0,0.000742815,0.000742815,0.000742815
58,289.58,0,25.215,0,0,0,0,0,0,34.8387,0,0.000726312,0.000726312,0.000726312
59,294.377,0,25.1412,0,0,0,0,0,0,34.8387,0,0.000709809,0.000709809,0.000709809
60,299.357,0,25.1896,0,0,0,0,0,0,35.8693,0,0.000693305,0.000693305,0.000693305
61,304.283,0,24.8911,0,0,0,0,0,0,35.8693,0,0.000676802,0.000676802,0.000676802
62,309.195,0,24.98,0,0,0,0,0,0,35.8693,0,0.000660299,0.000660299,0.000660299
63,313.992,0,24.802,0,0,0,0,0,0,23.6943,0,0.000643795,0.000643795,0.000643795
64,318.695,0,24.6331,0,0,0,0,0,0,23.6943,0,0.000627292,0.000627292,0.000627292
65,323.475,0,24.7592,0,0,0,0,0,0,22.4073,0,0.000610789,0.000610789,0.000610789
66,328.383,0,24.3678,0,0,0,0,0,0,22.4073,0,0.000594286,0.000594286,0.000594286
67,333.163,0,24.4768,0,0,0,0,0,0,22.4073,0,0.000577782,0.000577782,0.000577782
68,338.028,0,24.375,0,0,0,0,0,0,22.384,0,0.000561279,0.000561279,0.000561279
69,342.825,0,24.1915,0,0,0,0,0,0,22.384,0,0.000544776,0.000544776,0.000544776
70,347.586,0,24.2341,0,0,0,0,0,0,22.384,0,0.000528272,0.000528272,0.000528272
71,352.368,0,24.1435,0,0,0,0,0,0,22.4796,0,0.000511769,0.000511769,0.000511769
72,357.184,0,23.9931,0,0,0,0,0,0,22.4796,0,0.000495266,0.000495266,0.000495266
73,362.102,0,24.0359,0,0,0,0,0,0,22.4142,0,0.000478762,0.000478762,0.000478762
74,366.842,0,23.8484,0,0,0,0,0,0,22.4142,0,0.000462259,0.000462259,0.000462259
75,371.664,0,23.7835,0,0,0,0,0,0,22.4142,0,0.000445756,0.000445756,0.000445756
76,376.607,0,23.7059,0,0,0,0,0,0,22.3611,0,0.000429253,0.000429253,0.000429253
77,381.407,0,23.5708,0,0,0,0,0,0,22.3611,0,0.000412749,0.000412749,0.000412749
78,386.09,0,23.6435,0,0,0,0,0,0,22.3611,0,0.000396246,0.000396246,0.000396246
79,391.007,0,23.532,0,0,0,0,0,0,22.2232,0,0.000379743,0.000379743,0.000379743
80,395.774,0,23.4684,0,0,0,0,0,0,22.2232,0,0.000363239,0.000363239,0.000363239
81,400.581,0,23.5511,0,0,0,0,0,0,22.153,0,0.000346736,0.000346736,0.000346736
82,405.586,0,23.4353,0,0,0,0,0,0,22.153,0,0.000330233,0.000330233,0.000330233
83,410.432,0,23.4222,0,0,0,0,0,0,22.153,0,0.000313729,0.000313729,0.000313729
84,415.249,0,23.5107,0,0,0,0,0,0,22.0744,0,0.000297226,0.000297226,0.000297226
85,420.15,0,23.4339,0,0,0,0,0,0,22.0744,0,0.000280723,0.000280723,0.000280723
86,424.816,0,23.2097,0,0,0,0,0,0,22.0744,0,0.00026422,0.00026422,0.00026422
87,429.84,0,23.1867,0,0,0,0,0,0,22.1276,0,0.000247716,0.000247716,0.000247716
88,434.648,0,23.1107,0,0,0,0,0,0,22.1276,0,0.000231213,0.000231213,0.000231213
89,439.481,0,23.1114,0,0,0,0,0,0,22.0774,0,0.00021471,0.00021471,0.00021471
90,444.314,0,23.398,0,0,0,0,0,0,22.0774,0,0.000198206,0.000198206,0.000198206
91,449.27,0,23.1273,0,0,0,0,0,0,22.0774,0,0.000181703,0.000181703,0.000181703
92,454.157,0,23.0989,0,0,0,0,0,0,22.0075,0,0.0001652,0.0001652,0.0001652
93,458.991,0,23.0635,0,0,0,0,0,0,22.0075,0,0.000148696,0.000148696,0.000148696
94,463.915,0,23.1008,0,0,0,0,0,0,22.0075,0,0.000132193,0.000132193,0.000132193
95,468.901,0,22.9907,0,0,0,0,0,0,21.8875,0,0.00011569,0.00011569,0.00011569
96,473.705,0,23.0108,0,0,0,0,0,0,21.8875,0,9.91865e-05,9.91865e-05,9.91865e-05
97,478.585,0,23.0238,0,0,0,0,0,0,21.8833,0,8.26832e-05,8.26832e-05,8.26832e-05
98,483.387,0,22.9829,0,0,0,0,0,0,21.8833,0,6.61799e-05,6.61799e-05,6.61799e-05
99,488.198,0,23.0322,0,0,0,0,0,0,21.8833,0,4.96766e-05,4.96766e-05,4.96766e-05
100,493.143,0,22.9582,0,0,0,0,0,0,21.8746,0,3.31733e-05,3.31733e-05,3.31733e-05
